id,firstname,lastname,profession
100,Ulrike,Franza,Train conductor
101,Dulcinea,Dom,Photographer
102,Elyssa,Sherfield,Secretary
103,Constance,Argus,Soldier
104,Monika,Erich,Footballer
105,Natka,Talia,Police officer
106,Constance,Rosette,Reporter
107,Katuscha,Glenden,Pope
108,Belva,Schenck,Lifeguard
109,Olivette,Lilybelle,Waiter
110,Gale,Harday,Engineer
111,Katleen,Allare,Pope
112,Gertrud,Fiann,Painter
113,Lisette,Alabaster,Geisha
114,Halette,Alice,Professor
115,Catharine,Minetta,Doctor
116,Hyacinthe,Rooney,Postman
117,Hope,Even,Cameraman
118,Shaine,Cressida,Flight attendant
119,Madeleine,Melan,Farmer
120,Gavrielle,Warthman,Architect
121,Ericka,Maroney,Carpenter
122,Kathy,Angelis,Pirate
123,Rani,Dichy,Repairman
124,Winny,Israeli,Doctor
125,Cassandra,Raul,American football player
126,Elvira,Gerge,Priest
127,Ernesta,Alice,Farmer
128,Tori,Ries,Housekeeper
129,Ilse,Hubert,Salesman
130,Winny,Reinke,Nurse
131,Quintina,Bord,Journalist
132,Farrah,Oriana,Waiter
133,Starla,Stanwood,Catholic nun
134,Catharine,Macey,Singer
135,Rhea,Lattie,Housekeeper
136,Gertrud,Ade,Nurse
137,Ingrid,Lorain,Doctor
138,Carmela,Johanna,Catholic nun
139,Jenilee,Hazlett,Housekeeper
140,Christal,Paine,Flight attendant
141,Jaime,Gerge,Diver
142,Ricky,Orpah,Singer
143,Julieta,Nikaniki,Gardener
144,Thalia,Chinua,Scientist
145,Pamella,Fulmer,Fireman
146,Mary,Seagraves,Flight attendant
147,Merci,Silvan,Painter
148,Eve,Firmin,Pirate
149,Lanna,Catie,Clown
150,Bill,Juan,Soldier
151,Grier,Orpah,Soldier
152,Sashenka,Schlosser,Electrician
153,Kimmy,Loleta,Soldier
154,Nickie,Firmin,Surgeon
155,Charlena,Hanshaw,Pirate
156,Drucie,Blase,Postman
157,Leeanne,Socha,Lifeguard
158,Ann-Marie,Sheedy,Fireman
159,Petronia,Weinreb,Repairman
160,Anthia,Linskey,Photographer
161,Cyndie,Sikorski,Clown
162,Vanessa,Alabaster,Carpenter
163,Iseabal,Vacuva,Forest ranger
164,Morganica,Halsey,Architect
165,Gwenneth,Borrell,Professor
166,Danny,Mintz,Painter
167,Barbi,Ellord,Housewife
168,Gerianna,Obed,Priest
169,Madalyn,Delila,Footballer
170,Shirlee,Caitlin,Journalist
171,Jillayne,Bord,Soldier
172,Constance,Nunci,Clown
173,Brianna,Eckblad,Engineer
174,Atlanta,Modie,Professor
175,Cindelyn,Center,Flight attendant
176,Elmira,Hertzfeld,Forest ranger
177,Codie,Killigrew,Cameraman
178,Paola,Rodmann,Secretary
179,Melanie,Jerold,Nurse
180,Leia,Tamsky,Pope
181,Ekaterina,Sandye,Catholic nun
182,Dennie,Hashim,Farmer
183,Chloris,Hanleigh,Scientist
184,Tamqrah,Etom,Lunchroom supervisor
185,Blake,Fink,Pirate
186,Ketti,Clie,Dentist
187,Loree,Felecia,Train conductor
188,Viviene,Rudolph,Professor
189,Phylis,Phyllis,Electrician
190,Morganica,Granoff,Professor
191,Roslyn,Hortensia,Catholic nun
192,Chandra,Armanda,Fireman
193,Cherilyn,Erb,Fireman
194,Elie,Nerita,Train conductor
195,Libbie,Jethro,Foreman
196,Pearline,Francene,Professor
197,Letizia,Connelly,Lunchroom supervisor
198,Livvyy,Lorenz,Soldier
199,Cecile,Cordi,Repairman
200,Lanna,Deegan,Priest
201,Carmela,Markman,Librarian
202,Adore,Socha,Foreman
203,Dorice,Buffum,Carpenter
204,Marline,Kunin,Geisha
205,Sallie,Ashok,Singer
206,Alexine,Atcliffe,Foreman
207,Theodora,Vittoria,Construction worker
208,Carol-Jean,Dalli,Postman
209,Leia,Bow,Cameraman
210,Ofilia,Telfer,Surgeon
211,Dode,Sawtelle,Waiter
212,Collen,Bartlett,Journalist
213,Paulita,Slifka,American football player
214,Gavrielle,Kaja,Photographer
215,Gusella,Pyle,Doorman
216,Eugine,Kristi,Foreman
217,Queenie,Amadas,Boxer
218,Orelia,Olympium,Boxer
219,Melanie,Tengdin,Detective
220,Priscilla,Firmin,Nurse
221,Roberta,Kussell,Journalist
222,Zondra,Podvin,Businessman
223,Dorthy,Annice,Diver
224,Lexine,Beniamino,Secretary
225,Aubrie,Jobi,Scientist
226,Zaria,Payson,Catholic nun
227,Glynnis,Hepsibah,Painter
228,Rani,Arathorn,Postman
229,Annaliese,Love,Magician
230,Minda,Bates,Professor
231,Basia,Ethban,Foreman
232,Neila,Firmin,Repairman
233,Elise,Stacy,Postman
234,Christian,Dielu,Nurse
235,Peri,Aldric,Gardener
236,Maurene,Braun,Carpenter
237,Renie,Junie,Forest ranger
238,Clary,Grobe,Lunchroom supervisor
239,Emma,Persse,Journalist
240,Olwen,Cosenza,Builder
241,Wilma,Love,Cameraman
242,Charmaine,Gualtiero,Pope
243,Stacey,Ashok,Lunchroom supervisor
244,Fernande,Fadiman,Flight attendant
245,Edith,Boehike,Fireman
246,Almeta,Telfer,Geisha
247,Camile,Natica,Singer
248,Codie,Ethban,Catholic nun
249,Netty,Tyson,Photographer
250,Alia,Connelly,Catholic nun
251,Jackie,Lindemann,Doorman
252,Adore,Sparhawk,Electrician
253,Alyda,Berne,Journalist
254,Lulita,Susannah,Diver
255,Malina,Michella,Waiter
256,Riannon,Ummersen,Soldier
257,Kaja,Magnolia,Pilot
258,Dari,Anyah,Salesman
259,Meg,Nester,Pope
260,Christian,Maurine,Scientist
261,Rosene,Peg,Foreman
262,Regina,Darian,Waiter
263,Dania,Boycey,Doctor
264,Alameda,Gahl,Construction worker
265,Lorenza,Larochelle,Clown
266,Ira,Taam,Police officer
267,Alia,Pitt,Lunchroom supervisor
268,Dotty,Hessler,Gardener
269,Myriam,Alexandr,Postman
270,Wynne,Dulciana,Postman
271,Kenna,Hurley,Librarian
272,Vivia,Roumell,Painter
273,Nicoli,Winnick,Student
274,Cecile,Mullane,Waiter
275,Gilda,Chick,Footballer
276,Hallie,Cullin,Secretary
277,Almeta,Cressida,Lunchroom supervisor
278,Doralynne,Wandie,Diver
279,Edyth,Narton,Magician
280,Josephine,Hylan,Surgeon
281,Elvira,Thad,Journalist
282,Candy,Alrich,Gardener
283,Beth,Claudine,Pirate
284,Renae,Brandice,Electrician
285,Babita,Faso,Fireman
286,Barbi,Birdella,Detective
287,Verla,Peti,Paramedic
288,Caritta,Sandye,Flight attendant
289,Katleen,Rodmann,Architect
290,Jorry,Zrike,Soldier
291,Clementine,Loleta,Train conductor
292,Chrystel,Jorgan,Scientist
293,Rubie,Lipson,Reporter
294,Gavrielle,Buckler,Flight attendant
295,Chandra,Cleavland,Builder
296,Shel,Mehalek,Photographer
297,Dione,Bearnard,Lifeguard
298,Jinny,Bandeen,Postman
299,Monika,Curren,Builder
300,Genevra,Jefferey,Housewife
301,Elyssa,Wiener,Scientist
302,Edith,Ciapas,Painter
303,Georgetta,Bonucci,Housewife
304,Calla,Barrus,Boxer
305,Shell,Vharat,Mechanic
306,Marline,Mike,Police officer
307,Gisela,Cristi,Farmer
308,Beverley,Kendrick,Housewife
309,Beth,Madelene,Nurse
310,Letizia,Thomasina,Foreman
311,Nita,Wittie,Reporter
312,Andree,Rad,Farmer
313,Angelique,Torray,Scientist
314,Jaclyn,Chinua,Electrician
315,Teddie,Marsden,Magician
316,Bibby,Jenness,Farmer
317,Tina,Salvidor,Waiter
318,Beverley,Adore,Singer
319,Kittie,Tufts,Postman
320,Bill,Cynar,Housewife
321,Joelly,Jammal,Magician
322,Lolita,Kamaria,Librarian
323,Theodora,Jammal,Reporter
324,Roxane,Sandye,Flight attendant
325,Arlina,Lanita,Geisha
326,Fernande,Harned,Cameraman
327,Tomasina,Rogerio,Architect
328,Juliane,Camden,American football player
329,Sandie,Jeanne,Scientist
330,Thalia,Dearborn,Painter
331,Gusella,Yusuk,Professor
332,Roseline,Holbrook,Housekeeper
333,Almeta,Montgomery,Pope
334,Gertrud,Ochs,Carpenter
335,Gisela,Krystle,Postman
336,Raf,Nerita,Forest ranger
337,Vevay,Alfons,American football player
338,Claudina,Roarke,American football player
339,Neila,Lesley,Student
340,Janis,Corilla,Nurse
341,Tressa,Jess,Businessman
342,Cassandra,Darian,Geisha
343,Wendi,Lareena,Police officer
344,Daune,Chrystel,Train conductor
345,Joleen,Federica,Cameraman
346,Britni,Taam,Pope
347,Randa,Jena,Reporter
348,Fina,Selway,Geisha
349,Moyna,Greyson,Police officer
350,Lexine,Leonard,Student
351,Shaine,Brady,American football player
352,Lacie,Shields,Boxer
353,Gianina,Sancho,Soldier
354,Charmaine,Wildermuth,Scientist
355,Clo,Erich,Housekeeper
356,Vonny,Mata,Scientist
357,Mallory,Bari,American football player
358,Hyacinthe,Jobi,Priest
359,Kary,Hutchison,Repairman
360,Almeta,Vanni,Nurse
361,Talya,Strephon,Engineer
362,Julieta,Telfer,Singer
363,Shell,Melleta,Engineer
364,Alameda,Oster,Engineer
365,Fred,Brian,Dentist
366,Rubie,Laurianne,Waiter
367,Nananne,Tengdin,Mechanic
368,Jenilee,Kunin,Construction worker
369,Flory,Eldrid,Housewife
370,Mady,Dudley,Nurse
371,Joane,Kiyoshi,Footballer
372,Lauryn,Katrine,Fireman
373,Leontine,Blake,Mechanic
374,Etta,Mallon,Construction worker
375,Sidoney,Magnolia,Engineer
376,Berget,Nea,Geisha
377,Kittie,Jerold,Salesman
378,Dominga,Whiffen,Doorman
379,Andeee,Bandeen,Lunchroom supervisor
380,Berget,Dichy,Surgeon
381,Sibella,Beniamino,Secretary
382,Cacilie,Fennessy,Businessman
383,Emylee,Marsden,Construction worker
384,Delilah,Astra,Farmer
385,Frances,Jagir,Student
386,Dode,Armanda,Postman
387,Fredericka,Byrne,Housekeeper
388,Nerta,Kravits,Flight attendant
389,Pierette,Amethist,Doorman
390,Consuela,Allys,Painter
391,Joceline,Hathaway,Forest ranger
392,Vivia,Alabaster,Student
393,Gisela,Morgun,Reporter
394,Lory,Colbert,Repairman
395,Roz,Goth,Librarian
396,Fanchon,Charmine,Pilot
397,Felice,Bord,Waiter
398,Nannie,Israeli,Mechanic
399,Marleah,Ardra,Gardener
400,Teddie,Ivens,Waiter
401,Pierette,Marden,Flight attendant
402,Charissa,Lamoree,Builder
403,Ruthe,Dowski,Repairman
404,Hollie,Adalbert,Farmer
405,Brana,Ackerley,Pirate
406,Loree,Argus,Student
407,Gale,Schalles,Train conductor
408,Rani,Kussell,Architect
409,Jerry,Stanwood,Train conductor
410,Doro,Minetta,Construction worker
411,Valeda,Anselmi,Farmer
412,Dennie,Therine,Carpenter
413,Ernesta,Gualtiero,Lifeguard
414,Gale,Jess,Mechanic
415,Charissa,Thornburg,Singer
416,Jillayne,Seumas,Housekeeper
417,Nickie,Rolf,Reporter
418,Nita,Kaja,Mechanic
419,Valeda,Gombach,Magician
420,Roseline,Rosette,Boxer
421,Teriann,Deny,Cameraman
422,Nicoli,Beebe,Nurse
423,Deloria,Lipson,Photographer
424,Joelly,Malanie,Surgeon
425,Lily,Henebry,Construction worker
426,Joeann,Gower,Postman
427,Shaylyn,Lubin,Architect
428,Kimberley,Chem,Surgeon
429,Felice,Adore,Painter
430,Alejandra,Francyne,Paramedic
431,Nonnah,Redmond,Reporter
432,Carmencita,Ilka,Businessman
433,Theodora,Michella,Soldier
434,Louella,Tiffa,Magician
435,Dotty,Eckblad,Flight attendant
436,Amii,Bach,Police officer
437,Jsandye,Bartlett,Footballer
438,Sonni,Pacorro,Boxer
439,Lenna,Lemuela,Detective
440,Kellen,Tillford,Housekeeper
441,Dorothy,Maryanne,Pilot
442,Pollyanna,Guthrie,Catholic nun
443,Dale,Horan,Architect
444,Deedee,Hoenack,Singer
445,Etta,Lilybelle,Farmer
446,Hettie,Lane,Priest
447,Paulita,Schroth,Waiter
448,Candy,Schwejda,Detective
449,Gaylene,Darian,Magician
450,Roslyn,Elisha,Secretary
451,Susan,Stanwood,Housewife
452,Georgetta,Telfer,Foreman
453,Genevra,Wadell,Salesman
454,Elsie,Angelis,Repairman
455,Max,Amadas,Police officer
456,Collen,Gaynor,Businessman
457,Gwenneth,Horan,Pirate
458,Luci,Tremayne,Doorman
459,Demetris,Jerold,Boxer
460,Letizia,Oster,Pope
461,Gwenneth,Lail,Pirate
462,Cathie,Ramona,Photographer
463,Rebeca,Lay,Magician
464,Feliza,Constancy,Engineer
465,Hettie,Raimondo,Reporter
466,Keelia,Agle,Builder
467,Halette,Jagir,Pirate
468,Mahalia,Tamar,Priest
469,Mady,Byrne,Forest ranger
470,Chloris,Blisse,Boxer
471,Jolyn,Redmond,Mechanic
472,Edee,Mullane,Photographer
473,Farrah,McLaughlin,Mechanic
474,Corly,Stephie,Foreman
475,Roxane,Beniamino,Lunchroom supervisor
476,Jemie,Destinee,Scientist
477,Atlanta,Fadiman,American football player
478,Rubie,Zamora,Footballer
479,Adelle,Mitzi,Construction worker
480,Kenna,Wenoa,Pilot
481,Odessa,Yoko,Paramedic
482,Briney,Lutero,Doctor
483,Starla,Hartnett,Carpenter
484,Clary,Margret,Postman
485,Shandie,Wind,Farmer
486,Calla,Kiyoshi,Scientist
487,Lilith,Carlson,Journalist
488,Alejandra,Shelba,Catholic nun
489,Amalie,Montgomery,Detective
490,Ayn,Friede,Priest
491,Emilia,Dielu,Electrician
492,Rochette,Iaverne,Lifeguard
493,Thalia,Berriman,Housekeeper
494,Shaylyn,Maples,Postman
495,Joy,August,Housekeeper
496,Mireielle,Tacye,Clown
497,Feliza,Buffum,Surgeon
498,Corry,Gabrielli,Architect
499,Peri,Urania,Police officer
500,Shell,Elvyn,Repairman
501,Marjie,Hachmin,Waiter
502,Valeda,Candy,Lifeguard
503,Modestia,Orpah,Engineer
504,Ricky,Joeann,Construction worker
505,Molli,Jethro,Lifeguard
506,Lauryn,Strephon,Dentist
507,Jemie,Gherardo,Footballer
508,Tressa,Loleta,Pope
509,Janenna,Eugenia,Pope
510,Sindee,Alva,Dentist
511,Nickie,Cottle,Geisha
512,Cam,Redmond,Boxer
513,Merci,O'Rourke,Painter
514,Demetris,Colbert,Flight attendant
515,Andeee,Vorster,Salesman
516,Tomasina,Whittaker,Clown
517,Claresta,Engdahl,Businessman
518,Pierette,Morgun,Doorman
519,Jacquetta,Screens,Forest ranger
520,Marita,Hylan,Businessman
521,Valera,Standing,Police officer
522,Paola,Honoria,Diver
523,Amii,Kravits,Housewife
524,Lauryn,Cleo,Construction worker
525,Tybie,Schalles,Catholic nun
526,Henriette,Merat,Cameraman
527,Tybie,Weitman,American football player
528,Malina,Myrilla,Magician
529,Briney,Ashely,Farmer
530,Pamella,Oster,Dentist
531,Sherrie,Hathaway,Forest ranger
532,Kylynn,Millda,Electrician
533,Florie,Read,American football player
534,Jordan,Lauraine,Diver
535,Jordan,Monaco,American football player
536,Hildegaard,Chobot,Diver
537,Veda,Kinnard,Professor
538,Alexine,Stacy,Flight attendant
539,Mary,Afton,Foreman
540,Christy,Monaco,Salesman
541,Roberta,Gilbertson,Reporter
542,Dorothy,Hachmin,Boxer
543,June,Sancho,Construction worker
544,Joelly,Jess,Architect
545,Rosanne,Creamer,Salesman
546,Benita,Socha,Diver
547,Larine,Wesle,Catholic nun
548,Moyna,Alrich,Postman
549,Elbertina,Gerge,Pope
550,Gilligan,Hourigan,Priest
551,Tatiania,Carri,Waiter
552,Dorthy,Sprage,Dentist
553,Kayla,Stephie,Doctor
554,Kirbee,Nikaniki,Electrician
555,Luci,Allys,Foreman
556,Andree,Charity,Pirate
557,Ardys,Eldrid,Nurse
558,Malina,Modie,Police officer
559,Taffy,Hilbert,Student
560,Rori,Adore,Gardener
561,Gusella,Merna,Painter
562,Margette,Demitria,Salesman
563,Dode,Yorick,Lifeguard
564,Karena,Hylan,Salesman
565,Camile,Naor,Waiter
566,Orsola,Syd,Farmer
567,Rochette,Halla,Photographer
568,Alie,Daegal,Mechanic
569,Gilda,Ralfston,Geisha
570,Gwenneth,Rocray,Architect
571,Phedra,Dermott,Professor
572,Stevana,Fredi,Flight attendant
573,Kimmy,Brotherson,Farmer
574,Lynnea,Gualtiero,Construction worker
575,Dianemarie,Wooster,Singer
576,Fred,Robertson,Doctor
577,Frieda,Garrison,Photographer
578,Monika,Grobe,Footballer
579,Rosaline,Yuille,Journalist
580,Arabel,Gower,Lifeguard
581,Tani,Seagraves,Geisha
582,Blondelle,Terencio,Geisha
583,Jennica,Mayeda,Train conductor
584,Gretal,Rillings,Catholic nun
585,Collen,Rona,Reporter
586,Gabriellia,Alfons,Priest
587,Sherrie,Hurley,Detective
588,Sarette,Alcott,Foreman
589,Kary,Screens,Fireman
590,Emelina,Franza,Lunchroom supervisor
591,Wendi,Ashok,Painter
592,Celisse,Henebry,Construction worker
593,Kelly,Old,Pope
594,Libbie,Lewes,Lunchroom supervisor
595,Kaja,Papageno,Detective
596,Lynde,Sharl,Photographer
597,Lyssa,Milson,Flight attendant
598,Elyssa,Nore,Salesman
599,Merry,Hull,Flight attendant
600,Blake,Andrel,Lifeguard
601,Drucie,Havens,Surgeon
602,Brietta,Hessler,Diver
603,Joeann,Raimondo,Nurse
604,Tarra,Letsou,Fireman
605,Amelia,Shuler,Librarian
606,Belva,Lymann,Cameraman
607,Caressa,Blase,Housekeeper
608,Bee,Jotham,Detective
609,Ninnetta,Amadas,Cameraman
610,Joelly,Japeth,Pope
611,Blondelle,Charity,Farmer
612,Gloria,Gilmour,Librarian
613,Ericka,Fitzsimmons,Pope
614,Gisela,Wiener,Student
615,Bill,Medrek,Police officer
616,Jemie,Haymes,Repairman
617,Elfreda,Jammal,Journalist
618,Lilith,Jaylene,Paramedic
619,Marguerite,Kelula,Clown
620,Krystle,Ader,Housekeeper
621,Leontine,Behre,Priest
622,Brana,Deegan,Journalist
623,Shannah,Garbe,Pirate
624,Gloria,Buckler,Geisha
625,Hope,Lubin,Doctor
626,Jessy,Durante,American football player
627,Ottilie,Zrike,Foreman
628,Carolina,Dorcy,Construction worker
629,Madelle,Natica,Librarian
630,Stephanie,Allys,Foreman
631,Sashenka,Baudin,Doctor
632,Laure,Roscoe,Librarian
633,Dorice,Payson,Soldier
634,Myrtice,McLaughlin,Housewife
635,Dione,McCutcheon,Engineer
636,Ermengarde,Shama,Flight attendant
637,Marcy,Charmine,Diver
638,Dione,Shelba,Pope
639,Modestia,Juan,Engineer
640,Linet,Manolo,Catholic nun
641,Vanessa,Medrek,Train conductor
642,Emma,Cottle,Lunchroom supervisor
643,Lorne,Juan,Geisha
644,Layla,Georgy,Fireman
645,Angelique,Hanleigh,Student
646,Valli,Janith,Train conductor
647,Yetty,O'Rourke,Scientist
648,Rochette,Elsinore,Doctor
649,Nicoli,Georgy,Librarian
650,Rivalee,Hylan,Nurse
651,Janenna,Riordan,American football player
652,Jemie,Emanuel,Gardener
653,Melanie,Carey,Lunchroom supervisor
654,Margalo,Toni,Geisha
655,Regina,Eachern,Secretary
656,Dominga,Stover,Housekeeper
657,Ariela,Hachmin,Gardener
658,Drucie,Pillsbury,Housekeeper
659,Anallese,Tyson,Engineer
660,Lanna,Strephon,Businessman
661,Lynea,Redmond,Postman
662,Jorry,Egbert,Reporter
663,Valeda,McNully,Architect
664,Suzette,Rolf,Doctor
665,Lynea,Shuler,Flight attendant
666,Veda,Llovera,Lifeguard
667,Barbi,Natalia,Pilot
668,Elka,Klemperer,Geisha
669,Ilse,Kosey,Forest ranger
670,Lynnea,Sherfield,Salesman
671,Wileen,Havens,Architect
672,Brandise,Modie,Carpenter
673,Meg,Poll,Architect
674,Cecile,Therine,Pope
675,Emilia,Shirberg,Architect
676,Wilma,Meli,Cameraman
677,Jackie,Brian,Professor
678,Agathe,Goth,Geisha
679,Marylou,Israeli,Pope
680,Reeba,Jacobah,Architect
681,Gilda,Arne,Journalist
682,Sybille,Burkle,Flight attendant
683,Celestyna,Lenny,Electrician
684,Abbie,Weaks,Foreman
685,Bettine,Ophelia,Gardener
686,Sue,Ailyn,Professor
687,Lorne,Croix,Repairman
688,Melina,Israeli,Foreman
689,Judy,Pandolfi,Doorman
690,Jenilee,Zeeba,Paramedic
691,Alisha,Talia,Geisha
692,Neila,Sibyls,Dentist
693,Jere,Konyn,Forest ranger
694,Elora,Hunfredo,Doorman
695,Jerry,Bari,Secretary
696,Jolyn,Cassius,Lunchroom supervisor
697,Ayn,Elephus,Geisha
698,Marsiella,Billye,Carpenter
699,Nananne,Lumbard,Postman
700,Vonny,Holbrook,Cameraman
701,Ellette,Calhoun,Singer
702,Cassandra,Chapland,Paramedic
703,Blinni,Capello,Photographer
704,Tiffie,Audly,Librarian
705,Cathyleen,Nedrud,Waiter
706,Blake,Lorenz,Secretary
707,Rozele,Berl,Repairman
708,Annora,Tjon,Scientist
709,Nelle,Genna,Doorman
710,Claresta,Howlyn,Geisha
711,Nerta,Lutero,Catholic nun
712,Annabela,Nedrud,Footballer
713,Paule,Meter,Student
714,Gretal,Cressida,Diver
715,Winifred,Gombach,Businessman
716,Annaliese,Sophronia,Gardener
717,Catrina,Teddman,Student
718,Corry,Juliet,Diver
719,Deloria,Ardeha,Train conductor
720,Desirae,Swigart,Soldier
721,Cam,Mich,Mechanic
722,Jorry,Tayib,Scientist
723,Delilah,Brady,Police officer
724,Vonny,Medrek,Journalist
725,Drucie,Tayib,Flight attendant
726,Sidoney,Lea,Nurse
727,Letizia,Faust,Photographer
728,Tarra,Radu,Painter
729,Wanda,Erskine,Clown
730,Dione,Elephus,Clown
731,Hollie,Soneson,Engineer
732,Leanna,Cleavland,Construction worker
733,Justinn,Dudley,Detective
734,Alie,Rheingold,Electrician
735,Desirae,Vastah,Waiter
736,Dari,Lunsford,Cameraman
737,Karlee,Dichy,Priest
738,Teriann,Garrison,Salesman
739,Oona,Lunsford,Construction worker
740,Latisha,Daniele,Foreman
741,Courtnay,Glovsky,Magician
742,Carol-Jean,Duwalt,Fireman
743,Berta,Rozanna,Pirate
744,Zaria,Fiester,American football player
745,Berta,Celestine,Journalist
746,Kittie,Cottle,Waiter
747,Leona,Cornelia,Pirate
748,Gretal,Kimmie,Businessman
749,Tiffie,Forrer,Fireman
750,Anica,Faust,Dentist
751,Jenilee,Garbe,Librarian
752,Andeee,Maxi,Surgeon
753,Minda,Bendick,Detective
754,Georgina,Solitta,Housekeeper
755,Eadie,Kirbee,Paramedic
756,Renie,Korey,Surgeon
757,Lyssa,Francene,Singer
758,Emylee,Pip,Fireman
759,Shannah,Durante,Paramedic
760,Nickie,Stevy,Repairman
761,Gui,Raychel,Geisha
762,Oona,Loleta,Singer
763,Katharina,Iaverne,Footballer
764,Beth,Khorma,Farmer
765,Antonietta,Dannye,Cameraman
766,Verla,Dudley,Photographer
767,Jinny,Wenoa,Catholic nun
768,Riannon,Stelle,Pilot
769,Carree,Colyer,Police officer
770,Cathie,Kevon,Nurse
771,Queenie,Roxanna,Diver
772,Reeba,Hessler,Pirate
773,Selia,Parette,Waiter
774,Diena,Earlie,Housekeeper
775,Bill,Rhu,Clown
776,Maye,Gibbeon,Doctor
777,Averyl,Delila,Surgeon
778,Donetta,Arley,Boxer
779,Starla,Kiersten,Dentist
780,Elvira,Granoff,Waiter
781,Ronna,Plato,Librarian
782,Lucille,Redmond,Boxer
783,Ezmeralda,Oneida,Doorman
784,Taffy,Annabella,Foreman
785,Elvira,Sharl,Diver
786,Wanda,Lunsford,Housewife
787,Bettine,Barbey,Singer
788,Althea,Quinn,Fireman
789,Ronna,Nicoline,Architect
790,Mary,Malvino,Farmer
791,Lily,Chinua,Boxer
792,Briney,Lytton,Secretary
793,Adelle,Corabella,Engineer
794,Xylina,Edee,Doctor
795,Deedee,Thornburg,Carpenter
796,Alyda,Pyle,Journalist
797,Arlena,Redmond,Catholic nun
798,Peri,Ivens,Journalist
799,Marleah,Bury,Housewife
800,Kristina,Faust,Footballer
801,Maryellen,Matthew,Electrician
802,Maridel,Tice,Repairman
803,Blondelle,Middleton,Housekeeper
804,Dode,Elephus,Postman
805,Gisela,Jerold,Housekeeper
806,Amelia,Lalitta,Gardener
807,Petronia,Waldron,Soldier
808,Roberta,Maurine,Surgeon
809,Sallie,Leonard,Paramedic
810,Zia,Aaberg,Lunchroom supervisor
811,Lonnie,Shields,Singer
812,Myriam,Destinee,Nurse
813,Kimmy,Brandice,Postman
814,Sara-Ann,Arvo,Doorman
815,Rhea,Sammons,Boxer
816,Delilah,Martguerita,Police officer
817,Karlee,Lunsford,Pirate
818,Arlina,Milde,Builder
819,Leia,Rooney,Footballer
820,Alyda,Toor,Soldier
821,Tomasina,Lane,Forest ranger
822,Kayla,Lesley,Waiter
823,Robinia,Nahum,Builder
824,Jasmina,Amethist,Paramedic
825,Vivia,Mozelle,Postman
826,Shauna,Pierette,Nurse
827,Rochette,Schlosser,Magician
828,Jere,Lenny,Catholic nun
829,Riannon,Sheedy,Train conductor
830,Dennie,Slifka,Carpenter
831,Teriann,Hathaway,Salesman
832,Amii,Rugen,Housewife
833,Therine,Casimir,Pilot
834,Meghann,Dorcy,Carpenter
835,Nicoli,Tjon,Geisha
836,Regina,Brotherson,Magician
837,Roslyn,Ingra,Pope
838,Jere,Tomasina,Lunchroom supervisor
839,Bobinette,Septima,Cameraman
840,Randa,Prober,Reporter
841,Marguerite,McClimans,Scientist
842,Ursulina,Bultman,Reporter
843,Deane,Marden,Cameraman
844,Edyth,Guthrie,Builder
845,Kenna,Lory,Electrician
846,Rubie,Rozanna,Doorman
847,Lorne,Goddard,Librarian
848,Binny,Nadia,Lunchroom supervisor
849,Tobe,Gombach,Doctor
850,Sallie,Terrence,Diver
851,Darlleen,Cherianne,Journalist
852,Sashenka,Thornburg,Postman
853,Dacia,Sidonius,Soldier
854,Linzy,Carmena,Doorman
855,Lucille,Sigfrid,Builder
856,Lyssa,Brenn,Librarian
857,Joeann,Anyah,Housewife
858,Cissiee,Breed,Lifeguard
859,Nariko,Sigfrid,Gardener
860,Tilly,Meli,Geisha
861,Kore,Mayeda,Student
862,Oona,Annabella,Nurse
863,Shaylyn,Eliathas,Journalist
864,Raquela,Blase,Pirate
865,Ardys,Weinreb,Train conductor
866,Brandise,Fosque,Boxer
867,Angela,Rebecka,Nurse
868,Neila,Mandler,Pope
869,Daryl,Alice,Surgeon
870,Mariann,Wadell,Scientist
871,Cassandra,Cookie,Pilot
872,Sindee,Gahl,Businessman
873,Josephine,Peonir,Priest
874,Aubrie,Radu,Farmer
875,Norine,Lissi,Pilot
876,Siana,Jehu,Geisha
877,Daphne,Tillford,Professor
878,Sarette,Chem,Cameraman
879,Sindee,Irmine,Librarian
880,Luci,Berriman,Postman
881,Lorne,Tamsky,Boxer
882,Brynna,Cimbura,Boxer
883,Sam,Stanwood,Foreman
884,Olwen,Charmine,Lunchroom supervisor
885,Yetty,Ventre,Housekeeper
886,Cassondra,Philipp,Professor
887,Kittie,Urania,Student
888,Roslyn,Saunderson,Pirate
889,Emelina,Elbertina,Soldier
890,Shirlee,Toffic,Scientist
891,Dorene,Martguerita,Lunchroom supervisor
892,Leeanne,Maiah,Professor
893,Sabina,Yuille,Detective
894,Ida,Lilas,Librarian
895,Florie,Sothena,Repairman
896,Carmela,Madox,Student
897,Chrystel,Maroney,Waiter
898,Alie,Atonsah,Footballer
899,Sara-Ann,Wandie,Train conductor
900,Katharina,Naashom,Nurse
901,Hayley,Abernon,Electrician
902,Karena,Sigfrid,Professor
903,Riannon,Markman,Paramedic
904,Candi,Kare,Housekeeper
905,Nyssa,Santoro,Mechanic
906,Ida,Dom,Photographer
907,Noelle,Saint,Catholic nun
908,Correy,Fiester,Professor
909,Rhoda,Shelba,Construction worker
910,Latisha,Maisey,Cameraman
911,Carmencita,Kronfeld,Carpenter
912,Theodora,Cutlerr,Nurse
913,Jordan,Seessel,Magician
914,Elsie,Couture,Lifeguard
915,Sadie,Faso,Builder
916,Babita,Kenwood,Geisha
917,Cherrita,Aurelio,Soldier
918,Kirstin,Michella,Repairman
919,Deedee,Mauer,Dentist
920,Phylis,Burkle,Police officer
921,Orelia,Jacobah,Scientist
922,Dotty,Norvol,Professor
923,Christal,Chrystel,Architect
924,Dede,Joachim,Doctor
925,Lanna,Penelopa,Librarian
926,Blondelle,Leary,Footballer
927,Sheree,Curren,Scientist
928,Brena,Thema,Flight attendant
929,Gilligan,Prouty,Secretary
930,Janey,Buffum,Flight attendant
931,Ana,Hamil,Electrician
932,Marinna,Mozelle,Engineer
933,Trudie,Thema,Pirate
934,Nyssa,Pearse,Waiter
935,Tabbatha,Erich,Dentist
936,Blinni,Nore,Cameraman
937,Sean,Buffum,Boxer
938,Harmonia,Ashok,Clown
939,Carlie,Pitt,Lifeguard
940,Myriam,Nisbet,Pirate
941,Fayre,Sheedy,Detective
942,Edee,Johnsson,Journalist
943,Vonny,Elisha,Paramedic
944,Zsa Zsa,Kathie,Clown
945,Nonnah,Chem,Magician
946,Larine,Tacye,Student
947,Tersina,McGrody,Scientist
948,Britte,Raama,Soldier
949,Collen,Bendick,Foreman
950,Mariann,Bollay,Forest ranger
951,Imojean,Freddi,Singer
952,Maurene,Elsinore,Nurse
953,Rebeca,Larochelle,Train conductor
954,Nananne,Juliet,Surgeon
955,Sheelagh,Fairweather,Secretary
956,Nelle,Raimondo,Student
957,Christian,Allys,Farmer
958,Tierney,Bronk,Professor
959,Annice,Erb,Librarian
960,Sallie,Esmaria,Photographer
961,Joeann,Forrer,Soldier
962,Annaliese,Leary,Engineer
963,Philis,Remmer,Repairman
964,Andree,Ries,Doctor
965,Donnie,Sibyls,Farmer
966,Rhoda,Colyer,Journalist
967,Bibby,Oneida,Photographer
968,Sybille,Roche,Housekeeper
969,Arlena,Lynn,Clown
970,Ermengarde,Burkle,Forest ranger
971,Janey,Jacobah,Painter
972,Jany,Carmena,Reporter
973,Daune,Louanna,Professor
974,Michaelina,Justinn,Police officer
975,Rochette,Devlen,Secretary
976,Carlie,Ellord,Construction worker
977,Joy,Heisel,Priest
978,Codie,Phi,Geisha
979,Shaylyn,Shuler,Detective
980,Lanae,Vharat,Carpenter
981,Sashenka,Oster,Painter
982,Gwyneth,Travax,Diver
983,Cyb,Bow,Cameraman
984,Madelle,Dominy,Pilot
985,Elie,Kinnard,Photographer
986,Jsandye,Peonir,Businessman
987,Pierette,Ball,Businessman
988,Henriette,Maxi,Lunchroom supervisor
989,Mariann,Jacqui,Waiter
990,Emmey,Parsaye,Lifeguard
991,Merry,Zachary,Flight attendant
992,Carmencita,Roche,Pope
993,Paola,Gale,Fireman
994,Clary,Rudolph,Reporter
995,Gusty,Hebner,Mechanic
996,Lenna,Paton,Farmer
997,Sidoney,Raul,Librarian
998,Elka,Autrey,Painter
999,Jenilee,Sekofski,Footballer
1000,Nanete,Zeeba,American football player
1001,Glynnis,Raychel,Geisha
1002,Gerrie,Gladstone,Doorman
1003,Sam,My,Catholic nun
1004,Nicoli,Billye,Cameraman
1005,Gerianna,Simmonds,Journalist
1006,Paule,Hurley,Clown
1007,Ernesta,Niles,Mechanic
1008,Gabriellia,Etom,Lunchroom supervisor
1009,Gerianna,Mich,Housekeeper
1010,Sophia,Adamsen,Singer
1011,Katleen,Lory,Housekeeper
1012,Elfreda,Velick,Engineer
1013,Aryn,Wolfgram,Student
1014,Daphne,Fredi,Dentist
1015,Adriana,Larochelle,Train conductor
1016,Gabriellia,Jess,Police officer
1017,Jolyn,Hewitt,Librarian
1018,Dorice,Chem,Pirate
1019,Deirdre,Lanita,Pilot
1020,Arlena,Kaete,Surgeon
1021,Cherrita,Fry,Electrician
1022,Helsa,Gordon,Postman
1023,Cyb,Anton,Pope
1024,Beverley,Truc,Carpenter
1025,Concettina,Rheingold,Doctor
1026,Celene,Westphal,Secretary
1027,Nananne,Rodmann,Pirate
1028,Karina,Fancie,Mechanic
1029,Malina,Dyche,Waiter
1030,Bobinette,Parette,Diver
1031,Lisette,Thema,Singer
1032,Lusa,Heidt,Electrician
1033,Dorene,Vilma,Scientist
1034,Lyssa,Truc,Businessman
1035,Julieta,Minetta,Geisha
1036,Frank,Dowski,Catholic nun
1037,Karena,Bibi,Footballer
1038,Shaine,Charmine,Priest
1039,Lulita,Westphal,Scientist
1040,Christal,LaRue,Secretary
1041,Alia,Orlene,Police officer
1042,Amelia,Wandie,Priest
1043,Kalina,Ellerey,Waiter
1044,Mady,Amasa,Mechanic
1045,Elfreda,Uund,Diver
1046,Chloris,Dawkins,Businessman
1047,Liana,Izaak,Gardener
1048,Goldie,Meter,Gardener
1049,Danika,Arvo,Repairman
1050,Caressa,Pettiford,Salesman
1051,Beverley,Eugenia,Paramedic
1052,Danika,Scammon,Catholic nun
1053,Nanete,Stelle,Construction worker
1054,Ezmeralda,Sammons,Engineer
1055,Christal,McCutcheon,Fireman
1056,Iseabal,Cordi,Electrician
1057,Ericka,Israeli,Mechanic
1058,Lynde,Gerge,Soldier
1059,Lesly,Drisko,Pilot
1060,Gwenneth,Ilka,Postman
1061,Debee,Monaco,Journalist
1062,Laurene,Pitt,Dentist
1063,Jennica,Daveta,Librarian
1064,Ninnetta,Sothena,Housewife
1065,Bill,Taima,Surgeon
1066,Linzy,Buffum,Librarian
1067,Ida,McNully,Builder
1068,Fayre,Emmaline,Dentist
1069,Lizzie,Riva,Police officer
1070,Joleen,Pernick,Dentist
1071,Mariann,Pelagias,Architect
1072,Nessie,Destinee,Scientist
1073,Elora,Avi,Train conductor
1074,Nananne,Helve,Builder
1075,Aubrie,Fulmer,Lunchroom supervisor
1076,Edee,Lacombe,Painter
1077,Dede,Zeeba,Doorman
1078,Estell,Naashom,Pilot
1079,Angela,Mendez,Electrician
1080,Nollie,Othilia,Housekeeper
1081,Glenda,Kat,Police officer
1082,Ardys,Infield,Salesman
1083,Camile,Evvie,Magician
1084,Lulita,Liva,Student
1085,Lorie,Woodberry,Scientist
1086,Keelia,Cavan,Catholic nun
1087,Madelle,Alexandr,Librarian
1088,Adelle,McNully,Forest ranger
1089,Rani,Valoniah,Forest ranger
1090,Gretal,Wiener,Train conductor
1091,Trixi,Faso,Geisha
1092,Gabi,Maiah,Paramedic
1093,Estell,Merna,Photographer
1094,Daryl,Melony,Cameraman
1095,Chrystel,Kronfeld,Construction worker
1096,Lonnie,Peg,Photographer
1097,Demetris,Armanda,Police officer
1098,Ricky,Urania,Nurse